#{"t_start": 1774802972.266297, "env_id": "SimpleCorridor-v0"}
r,l,t
-4.6,57,3.264589
-5.7,68,3.270806
-0.9,20,3.272648
-6.3,74,3.279645
-15.6,167,3.295036
-4.5,56,3.300447
-1.6,27,3.302888
-6.0,71,3.309191
-0.5,16,3.310629
-8.4,95,3.319404
-6.3,74,3.32608
-5.4,65,3.331912
-14.2,153,3.345611
-14.9,160,3.36025
-10.3,114,3.370427
-15.5,166,3.385225
-0.4,15,3.386592
-1.5,26,3.388905
-13.4,145,3.401912
-0.8,19,3.403647
-9.8,109,3.413692
-0.8,19,3.415447
-2.2,33,3.418459
-7.4,85,3.426379
-2.1,32,3.42932
-23.5,246,3.667247
-1.9,30,3.670062
-2.3,34,3.673213
-3.4,45,3.677346
-6.8,79,3.684677
-0.4,15,3.686113
-3.3,44,3.690135
-2.7,38,3.693691
-0.7,18,3.695354
-1.9,30,3.698292
-0.4,15,3.699721
-0.4,15,3.701143
-0.4,15,3.702537
-3.9,50,3.7073
-6.1,72,3.71398
0.2,9,3.714812
-0.9,20,3.716712
-0.3,14,3.71801
-0.7,18,3.719658
-2.7,38,3.723111
-0.7,18,3.724763
-1.5,26,3.727229
-4.1,52,3.732057
-3.9,50,3.736683
-0.2,13,3.737897
-0.7,18,3.739555
-2.8,39,3.743154
-3.4,45,3.747327
-1.0,21,3.749259
-0.9,20,3.751101
-1.3,24,3.753309
-2.2,33,3.756304
-5.7,68,3.762581
-3.7,48,3.766966
-3.6,47,3.771261
-2.2,33,3.774369
-6.8,79,3.781682
-0.4,15,3.783092
-2.0,31,3.786014
-5.1,62,3.791733
-4.3,54,3.796684
-2.8,39,3.800221
-1.5,26,3.802737
-1.6,27,3.805208
-2.3,34,3.808457
-0.0,11,3.809572
-2.3,34,3.812765
-1.8,29,3.815411
-2.4,35,3.818632
-1.4,25,3.820945
-0.5,16,3.822424
-0.9,20,3.824218
-1.6,27,3.826771
-3.0,41,3.830574
-0.2,13,3.831855
-3.7,48,3.8362
-1.5,26,3.838582
-0.8,19,3.840316
-3.7,48,3.844748
-6.9,80,4.053587
-1.2,23,4.055784
-0.0,11,4.05682
-0.2,13,4.058149
-0.0,11,4.059215
-0.6,17,4.060815
-0.2,13,4.062092
-3.4,45,4.06623
-0.3,14,4.067536
-0.4,15,4.068919
-0.0,11,4.069918
0.2,9,4.070762
-0.6,17,4.072463
-0.2,13,4.073719
-2.8,39,4.077379
-1.4,25,4.079664
-0.8,19,4.081478
-1.2,23,4.083637
0.2,9,4.084475
-1.5,26,4.086895
-0.4,15,4.088266
-5.5,66,4.094218
-0.8,19,4.095966
-0.6,17,4.097512
-0.2,13,4.098691
-0.4,15,4.100044
-0.2,13,4.101233
-0.6,17,4.102944
-1.1,22,4.104986
-0.7,18,4.106692
-0.8,19,4.108455
-1.6,27,4.111012
-0.9,20,4.112882
-0.4,15,4.114237
-0.9,20,4.116067
-0.0,11,4.117172
-0.5,16,4.11867
-2.6,37,4.122178
0.2,9,4.123019
-0.7,18,4.124666
-0.4,15,4.126064
-0.6,17,4.127666
-2.6,37,4.131017
-0.8,19,4.132806
-0.8,19,4.13454
-0.6,17,4.136117
-0.9,20,4.137968
-0.6,17,4.139503
-0.8,19,4.141248
-0.1,12,4.142352
-1.4,25,4.144595
-0.4,15,4.145979
-3.5,46,4.150303
-1.1,22,4.152366
-1.6,27,4.154835
-1.0,21,4.156818
-1.8,29,4.159457
-0.3,14,4.160759
-0.2,13,4.161965
-2.1,32,4.164858
-4.9,60,4.17035
0.2,9,4.171193
-0.8,19,4.172977
-0.5,16,4.174457
-0.0,11,4.175487
-0.2,13,4.176734
-1.0,21,4.178653
-1.6,27,4.181096
-1.4,25,4.183373
-0.1,12,4.184465
-0.6,17,4.186023
-0.1,12,4.187123
-2.0,31,4.189889
-2.1,32,4.192776
-1.5,26,4.195103
-2.5,36,4.198447
-1.0,21,4.200377
-2.3,34,4.203481
-0.3,14,4.20474
-0.3,14,4.206031
-3.0,41,4.209897
-1.6,27,4.212417
-1.0,21,4.214339
-1.1,22,4.216374
-0.4,15,4.21778
0.2,9,4.218617
-0.5,16,4.220088
-2.0,31,4.223013
-2.2,33,4.226055
-1.4,25,4.228432
-1.4,25,4.230736
-1.1,22,4.232742
-0.3,14,4.234005
-0.0,11,4.235007
-1.0,21,4.236913
-0.6,17,4.238448
-0.1,12,4.23953
-0.5,16,4.240994
-0.8,19,17.117149
-0.6,17,21.901438
-0.2,13,21.903137
-0.1,12,21.905158
-0.0,11,21.907018
-0.0,11,21.90847
0.2,9,21.909531
-0.1,12,21.911212
0.2,9,21.913624
0.2,9,21.914624
-0.2,13,21.915965
-0.1,12,21.917453
-0.6,17,21.919385
0.2,9,21.920253
-0.0,11,21.921289
-0.1,12,21.922447
-0.7,18,21.924263
-0.1,12,21.925341
-0.3,14,21.92655
0.2,9,21.927338
-0.0,11,21.9283
-0.2,13,21.929417
0.2,9,21.930202
-0.2,13,21.931321
-0.4,15,21.932602
-0.6,17,21.933993
-0.0,11,21.9349
0.2,9,21.935638
-0.9,20,21.937229
-0.7,18,21.938799
-0.7,18,21.940279
-0.1,12,21.941245
-0.0,11,21.942142
0.2,9,21.94285
-0.0,11,21.943706
-0.8,19,21.945186
-0.2,13,21.946282
-0.0,11,21.947128
-0.3,14,21.948256
-0.3,14,21.949258
-0.2,13,21.950181
-0.8,19,21.951544
-0.4,15,21.95265
-0.2,13,21.953679
-0.6,17,21.954933
-0.2,13,21.955872
0.2,9,21.95653
-0.4,15,21.957614
-0.8,19,21.958995
0.1,10,21.959708
-0.6,17,21.960847
0.2,9,21.961465
-0.3,14,21.962398
-0.4,15,21.963473
-0.0,11,21.964222
-1.4,25,21.965891
-0.2,13,21.966759
-0.2,13,21.967629
-1.0,21,21.969175
-0.2,13,21.970139
-0.2,13,21.971069
-0.2,13,21.971965
-0.2,13,21.973016
-0.4,15,21.974183
-0.2,13,21.975185
-0.0,11,21.976031
0.2,9,21.976754
-0.2,13,21.977754
-0.4,15,21.978899
0.2,9,21.979583
-0.2,13,21.980581
-0.3,14,21.98164
0.2,9,21.982327
0.2,9,21.983018
-0.1,12,21.983922
-0.4,15,21.985058
-0.2,13,21.98605
-1.0,21,21.987658
-0.2,13,21.988668
0.1,10,21.989425
-0.8,19,21.990871
-0.2,13,21.991851
-0.6,17,21.993133
-0.2,13,21.994117
-0.4,15,21.995238
-0.5,16,21.996439
0.2,9,21.997119
-0.6,17,21.998449
-0.4,15,21.999614
-0.5,16,22.000835
-0.0,11,22.001693
0.2,9,22.00239
-0.5,16,22.00366
0.2,9,22.004359
-0.1,12,22.005275
-0.4,15,22.006416
-0.0,11,22.007244
-1.0,21,22.008847
-0.0,11,22.009682
-0.0,11,22.010519
-0.3,14,22.011591
